casos_corrientes,DATA,YEAR,YearWeek,fecha,MONTH,precipitacion_corrientes,precipitacion_corrientes_rural,precipitacion_corrientes_urbano,temperatura
1,"['2007', 'w01']",2007,200701,06/01/2007,1,13.09668815,14.09769308,12.62893274,19.61535714
0,"['2007', 'w02']",2007,200702,13/01/2007,1,8.437043773,6.910390305,9.067214477,22.234
0,"['2007', 'w03']",2007,200703,20/01/2007,1,19.37316489,21.61696791,18.40666489,22.26885714
0,"['2007', 'w04']",2007,200704,27/01/2007,1,0,0,0,23.546
0,"['2007', 'w05']",2007,200705,03/02/2007,2,3.72520637,3.144224785,3.901020988,25.35307143
0,"['2007', 'w06']",2007,200706,10/02/2007,2,12.08827549,12.50065196,12.02229608,25.29142857
0,"['2007', 'w07']",2007,200707,17/02/2007,2,1.469418897,0.005340154,2.117129994,24.71907143
0,"['2007', 'w08']",2007,200708,24/02/2007,2,6.801017277,8.832785041,5.972871103,25.92678571
0,"['2007', 'w09']",2007,200709,03/03/2007,3,31.98530376,33.24117832,31.41112971,26.67685714
0,"['2007', 'w10']",2007,200710,10/03/2007,3,24.67653565,24.933451,24.56207332,27.0615
0,"['2007', 'w11']",2007,200711,17/03/2007,3,43.16689639,44.06303265,42.65439033,26.74842857
0,"['2007', 'w12']",2007,200712,24/03/2007,3,36.59812361,38.4582186,35.78635181,26.35321429
0,"['2007', 'w13']",2007,200713,31/03/2007,3,91.35664456,95.88980413,89.28159654,17.0015
1,"['2007', 'w14']",2007,200714,07/04/2007,4,58.0076033,59.0807593,57.39046735,22.57685714
0,"['2007', 'w15']",2007,200715,14/04/2007,4,47.19668516,45.80359773,48.07685686,25.829
0,"['2007', 'w16']",2007,200716,21/04/2007,4,62.31869971,60.83723635,63.13984198,27.20421429
0,"['2007', 'w17']",2007,200717,28/04/2007,4,32.58490772,29.0270881,34.33546288,22.92207143
1,"['2007', 'w18']",2007,200718,05/05/2007,5,69.14131791,72.61751172,67.49554692,25.29707143
0,"['2007', 'w19']",2007,200719,12/05/2007,5,72.83190365,67.62354463,75.16562269,21.46792857
0,"['2007', 'w20']",2007,200720,19/05/2007,5,113.71954,114.5927498,113.0833216,25.564
0,"['2007', 'w21']",2007,200721,26/05/2007,5,89.36056221,86.2451505,90.72015756,24.85957143
0,"['2007', 'w22']",2007,200722,02/06/2007,6,37.06938622,36.10694826,37.45948939,24.7995
0,"['2007', 'w23']",2007,200723,09/06/2007,6,10.41974782,9.338749433,10.94334818,24.64171429
0,"['2007', 'w24']",2007,200724,16/06/2007,6,16.13045425,16.6848739,15.94927138,22.98778571
0,"['2007', 'w25']",2007,200725,23/06/2007,6,8.501094799,7.645711703,8.92255672,23.03442857
0,"['2007', 'w26']",2007,200726,30/06/2007,6,4.454334245,3.409869443,4.948416229,22.79671429
0,"['2007', 'w27']",2007,200727,07/07/2007,7,39.02519291,37.23709175,39.91043698,24.90507143
1,"['2007', 'w28']",2007,200728,14/07/2007,7,54.35175366,56.62480305,53.31808686,22.36035714
0,"['2007', 'w29']",2007,200729,21/07/2007,7,57.21457829,56.37851739,57.6880683,21.38914286
0,"['2007', 'w30']",2007,200730,28/07/2007,7,15.66526166,17.06924324,15.13097289,21.85857143
0,"['2007', 'w31']",2007,200731,04/08/2007,8,35.00835992,31.23218579,36.80581631,23.45928571
0,"['2007', 'w32']",2007,200732,11/08/2007,8,58.06515073,58.18286955,58.12620642,19.77728571
0,"['2007', 'w33']",2007,200733,18/08/2007,8,54.78098438,54.20189012,55.19893831,22.90364286
0,"['2007', 'w34']",2007,200734,25/08/2007,8,71.00079072,67.68332734,72.50942108,24.17685714
0,"['2007', 'w35']",2007,200735,01/09/2007,9,42.58042011,45.56730806,41.35337647,23.745
0,"['2007', 'w36']",2007,200736,08/09/2007,9,35.50864617,33.48589098,36.29174776,24.54914286
0,"['2007', 'w37']",2007,200737,15/09/2007,9,63.56456384,66.84341366,61.81656728,25.44592857
0,"['2007', 'w38']",2007,200738,22/09/2007,9,56.59678203,57.47152924,55.9533261,23.73728571
0,"['2007', 'w39']",2007,200739,29/09/2007,9,58.98382119,56.70972424,60.08514109,26.82978571
0,"['2007', 'w40']",2007,200740,06/10/2007,10,89.70146942,97.71329204,86.0915875,26.02014286
0,"['2007', 'w41']",2007,200741,13/10/2007,10,68.90299989,73.9448852,66.43134159,24.92664286
0,"['2007', 'w42']",2007,200742,20/10/2007,10,48.15060181,44.86380345,49.5182801,23.48835714
0,"['2007', 'w43']",2007,200743,27/10/2007,10,102.8784006,105.5501804,101.6267811,23.66464286
0,"['2007', 'w44']",2007,200744,03/11/2007,11,38.87780623,38.08000052,39.20156794,22.04192857
0,"['2007', 'w45']",2007,200745,10/11/2007,11,16.49852702,15.97801079,16.78670091,24.12
0,"['2007', 'w46']",2007,200746,17/11/2007,11,39.52400992,38.7548435,39.78394231,25.03242857
0,"['2007', 'w47']",2007,200747,24/11/2007,11,30.11811621,31.0604568,29.7146877,22.48985714
0,"['2007', 'w48']",2007,200748,01/12/2007,12,1.52145866,0.146438921,2.128792406,23.62714286
0,"['2007', 'w49']",2007,200749,08/12/2007,12,12.72133233,3.397459788,17.98738762,23.04642857
0,"['2007', 'w50']",2007,200750,15/12/2007,12,23.99658496,16.38167795,27.44390242,24.10435714
0,"['2007', 'w51']",2007,200751,22/12/2007,12,94.86294639,115.4457622,84.89927644,23.99292857
1,"['2007', 'w52']",2007,200752,29/12/2007,12,3.553386829,1.421006296,4.458987586,21.172
26,"['2008', 'w01']",2008,200801,05/01/2008,1,73.72752954,72.85822238,73.96899791,21.26821429
24,"['2008', 'w02']",2008,200802,12/01/2008,1,2.45634907,1.449563728,2.869495331,22.46078571
21,"['2008', 'w03']",2008,200803,19/01/2008,1,11.82478384,13.95868223,10.95067378,20.49421429
18,"['2008', 'w04']",2008,200804,26/01/2008,1,5.836126195,5.953390908,5.814858548,22.61935714
15,"['2008', 'w05']",2008,200805,02/02/2008,2,0,0,0,23.661
17,"['2008', 'w06']",2008,200806,09/02/2008,2,20.01973788,20.71299483,19.82161864,23.7355
17,"['2008', 'w07']",2008,200807,16/02/2008,2,115.4208261,121.8745714,112.5572587,23.406
18,"['2008', 'w08']",2008,200808,23/02/2008,2,20.50382594,20.76028735,20.24800175,24.39114286
22,"['2008', 'w09']",2008,200809,01/03/2008,3,74.07867203,76.78124857,72.8109442,23.45085714
25,"['2008', 'w10']",2008,200810,08/03/2008,3,42.93119897,46.20799904,41.1452803,23.53085714
16,"['2008', 'w11']",2008,200811,15/03/2008,3,14.15766144,13.78330545,14.59658164,21.91992857
15,"['2008', 'w12']",2008,200812,22/03/2008,3,35.11513674,36.03843038,34.78499801,24.457
20,"['2008', 'w13']",2008,200813,29/03/2008,3,35.69369835,34.37509833,36.37947803,24.29114286
16,"['2008', 'w14']",2008,200814,05/04/2008,4,65.48616282,69.34898186,63.77346349,23.43371429
17,"['2008', 'w15']",2008,200815,12/04/2008,4,18.08207868,15.7044707,19.36812408,24.94957143
18,"['2008', 'w16']",2008,200816,19/04/2008,4,68.54635272,66.37036788,69.58482481,25.57492857
12,"['2008', 'w17']",2008,200817,26/04/2008,4,97.91282267,98.30835407,97.73423587,25.83528571
16,"['2008', 'w18']",2008,200818,03/05/2008,5,53.6021409,54.9814553,52.87610892,26.919
12,"['2008', 'w19']",2008,200819,10/05/2008,5,39.81351807,38.49900587,40.63548011,26.76671429
19,"['2008', 'w20']",2008,200820,17/05/2008,5,127.1113902,134.9577108,122.9866383,24.9465
12,"['2008', 'w21']",2008,200821,24/05/2008,5,70.48600638,67.49726603,72.46972757,23.8795
20,"['2008', 'w22']",2008,200822,31/05/2008,5,70.52591218,68.10322611,71.64617382,23.25121429
21,"['2008', 'w23']",2008,200823,07/06/2008,6,66.51134814,63.81716552,68.0556599,22.38314286
23,"['2008', 'w24']",2008,200824,14/06/2008,6,31.55702368,29.46219145,32.6673398,24.12514286
15,"['2008', 'w25']",2008,200825,21/06/2008,6,72.49242761,70.09884488,73.86633167,17.77128571
13,"['2008', 'w26']",2008,200826,28/06/2008,6,68.34663652,65.572395,69.86939027,22.46678571
7,"['2008', 'w27']",2008,200827,05/07/2008,7,38.01118573,41.86522915,36.18400663,27.93657143
15,"['2008', 'w28']",2008,200828,12/07/2008,7,73.89032425,74.37041518,73.73979291,27.8245
15,"['2008', 'w29']",2008,200829,19/07/2008,7,19.33725909,19.05495388,19.44799726,27.42328571
17,"['2008', 'w30']",2008,200830,26/07/2008,7,57.27463178,57.3899656,57.31970056,23.21307143
10,"['2008', 'w31']",2008,200831,02/08/2008,8,31.59979663,29.59676495,32.57197314,22.30985714
15,"['2008', 'w32']",2008,200832,09/08/2008,8,54.5678291,53.62552887,55.0734712,21.45235714
21,"['2008', 'w33']",2008,200833,16/08/2008,8,78.729724,79.57994886,78.39671523,24.31407143
12,"['2008', 'w34']",2008,200834,23/08/2008,8,85.51756049,81.45686168,87.75320825,26.83885714
23,"['2008', 'w35']",2008,200835,30/08/2008,8,69.23075957,71.82058531,67.9789895,25.06885714
16,"['2008', 'w36']",2008,200836,06/09/2008,9,14.3078168,14.37029544,14.23235109,22.39492857
22,"['2008', 'w37']",2008,200837,13/09/2008,9,78.82354373,77.05176023,79.66331972,23.42385714
14,"['2008', 'w38']",2008,200838,20/09/2008,9,56.44804241,59.03379683,54.98308585,25.18771429
16,"['2008', 'w39']",2008,200839,27/09/2008,9,89.93891589,89.71777076,90.0678217,23.51378571
18,"['2008', 'w40']",2008,200840,04/10/2008,10,52.12573963,53.25862375,51.62644267,26.08642857
22,"['2008', 'w41']",2008,200841,11/10/2008,10,75.78452673,77.80402468,74.74580732,28.54385714
19,"['2008', 'w42']",2008,200842,18/10/2008,10,53.96154068,51.48918964,55.17193773,24.97657143
15,"['2008', 'w43']",2008,200843,25/10/2008,10,52.3113838,54.76746325,51.10276059,19.27678571
25,"['2008', 'w44']",2008,200844,01/11/2008,11,62.14232555,65.95879545,60.05163953,24.1645
23,"['2008', 'w45']",2008,200845,08/11/2008,11,45.6846621,48.82896383,44.23280243,22.03985714
10,"['2008', 'w46']",2008,200846,15/11/2008,11,71.78997982,74.64722293,70.17312242,27.07764286
19,"['2008', 'w47']",2008,200847,22/11/2008,11,86.13355978,86.68390285,86.1200189,25.19878571
15,"['2008', 'w48']",2008,200848,29/11/2008,11,2.724894482,0.135006528,3.872133307,23.451
17,"['2008', 'w49']",2008,200849,06/12/2008,12,59.90237092,60.87218468,59.25286672,25.49307143
13,"['2008', 'w50']",2008,200850,13/12/2008,12,7.286105458,5.84183388,8.224610688,23.52542857
19,"['2008', 'w51']",2008,200851,20/12/2008,12,0,0,0,21.20214286
16,"['2008', 'w52']",2008,200852,27/12/2008,12,0.086855885,0,0.125436697,23.5145
4,"['2009', 'w01']",2009,200901,03/01/2009,1,27.86451521,31.91680024,25.91279301,23.81442857
4,"['2009', 'w02']",2009,200902,10/01/2009,1,15.86510692,20.73351997,13.6162263,23.71642857
3,"['2009', 'w03']",2009,200903,17/01/2009,1,52.91974502,48.4246873,54.99628142,21.53185714
2,"['2009', 'w04']",2009,200904,24/01/2009,1,18.59139475,17.31779905,19.07321349,19.08771429
3,"['2009', 'w05']",2009,200905,31/01/2009,1,11.55201464,16.23032961,9.443029041,22.71585714
1,"['2009', 'w06']",2009,200906,07/02/2009,2,44.56620637,46.96922314,43.5006799,24.14907143
1,"['2009', 'w07']",2009,200907,14/02/2009,2,26.16536155,31.1196351,23.88974519,23.292
3,"['2009', 'w08']",2009,200908,21/02/2009,2,20.47697816,20.85010442,20.35278959,23.89107143
1,"['2009', 'w09']",2009,200909,28/02/2009,2,42.34962216,42.71232912,42.18297583,24.47721429
1,"['2009', 'w10']",2009,200910,07/03/2009,3,19.06667083,19.41615639,18.88238763,21.87428571
2,"['2009', 'w11']",2009,200911,14/03/2009,3,41.56376483,45.74629734,39.742455,23.12
4,"['2009', 'w12']",2009,200912,21/03/2009,3,62.67812826,61.8484094,62.99035252,23.27471429
0,"['2009', 'w13']",2009,200913,28/03/2009,3,80.54186066,78.09136001,81.99129204,23.24971429
2,"['2009', 'w14']",2009,200914,04/04/2009,4,29.43022902,31.10090263,28.8221478,23.66164286
3,"['2009', 'w15']",2009,200915,11/04/2009,4,48.97890433,48.44847685,49.21596562,21.27128571
2,"['2009', 'w16']",2009,200916,18/04/2009,4,29.9779089,30.80756496,29.57850132,21.87742857
0,"['2009', 'w17']",2009,200917,25/04/2009,4,49.05577975,48.71763867,49.14009117,29.44885714
1,"['2009', 'w18']",2009,200918,02/05/2009,5,94.04840292,96.81357236,92.78806596,29.0805
0,"['2009', 'w19']",2009,200919,09/05/2009,5,46.12086459,42.40623575,47.68741904,24.47192857
5,"['2009', 'w20']",2009,200920,16/05/2009,5,26.39049417,26.13236,26.44795034,25.83585714
5,"['2009', 'w21']",2009,200921,23/05/2009,5,27.66196573,26.2828671,28.33463836,24.96671429
5,"['2009', 'w22']",2009,200922,30/05/2009,5,30.73092392,29.10588789,31.50895522,26.62778571
7,"['2009', 'w23']",2009,200923,06/06/2009,6,58.11538937,56.44104684,59.15068609,26.66571429
6,"['2009', 'w24']",2009,200924,13/06/2009,6,52.35233401,49.03632064,54.0743957,23.75757143
3,"['2009', 'w25']",2009,200925,20/06/2009,6,45.68615318,45.03520225,46.18469301,24.06864286
6,"['2009', 'w26']",2009,200926,27/06/2009,6,41.24767594,41.42287124,41.25856995,24.45142857
7,"['2009', 'w27']",2009,200927,04/07/2009,7,42.1986523,41.99215927,42.30042566,23.62542857
8,"['2009', 'w28']",2009,200928,11/07/2009,7,4.822835511,5.655365611,4.42575558,19.57271429
5,"['2009', 'w29']",2009,200929,18/07/2009,7,25.2375114,26.28307172,24.7021472,21.30507143
6,"['2009', 'w30']",2009,200930,25/07/2009,7,2.90172914,2.725285378,2.987379376,25.5835
6,"['2009', 'w31']",2009,200931,01/08/2009,8,31.29194924,29.16319305,32.39972641,22.12
5,"['2009', 'w32']",2009,200932,08/08/2009,8,20.05900862,18.20936619,20.86321065,22.7785
14,"['2009', 'w33']",2009,200933,15/08/2009,8,37.29401493,33.7461374,38.87754534,21.73835714
10,"['2009', 'w34']",2009,200934,22/08/2009,8,29.27763566,32.18507082,28.10227439,22.9465
10,"['2009', 'w35']",2009,200935,29/08/2009,8,23.97864718,21.53834963,25.02605951,25.33957143
7,"['2009', 'w36']",2009,200936,05/09/2009,9,11.26621567,11.83929972,10.97796458,25.04135714
6,"['2009', 'w37']",2009,200937,12/09/2009,9,58.48892248,58.58780113,58.26432758,25.05064286
10,"['2009', 'w38']",2009,200938,19/09/2009,9,17.52357439,16.1460585,18.1020517,20.53028571
25,"['2009', 'w39']",2009,200939,26/09/2009,9,13.77957205,13.64514212,13.83426766,27.33107143
20,"['2009', 'w40']",2009,200940,03/10/2009,10,40.85030168,41.61897907,40.43302313,29.84185714
18,"['2009', 'w41']",2009,200941,10/10/2009,10,64.30607287,66.99906875,62.96724665,28.55028571
15,"['2009', 'w42']",2009,200942,17/10/2009,10,51.07282755,52.96658257,50.10970618,28.50942857
13,"['2009', 'w43']",2009,200943,24/10/2009,10,68.20977647,70.77284373,67.07428181,25.19614286
11,"['2009', 'w44']",2009,200944,31/10/2009,10,68.49901437,68.29129168,68.62952844,26.35192857
13,"['2009', 'w45']",2009,200945,07/11/2009,11,54.67553619,56.46731397,53.787623,23.85407143
15,"['2009', 'w46']",2009,200946,14/11/2009,11,39.11280145,42.06271579,37.78224703,22.18671429
12,"['2009', 'w47']",2009,200947,21/11/2009,11,8.510452835,7.592232951,8.914727533,21.68471429
26,"['2009', 'w48']",2009,200948,28/11/2009,11,18.94384355,19.63263645,18.65315237,24.1245
16,"['2009', 'w49']",2009,200949,05/12/2009,12,0,0,0,23.53378571
24,"['2009', 'w50']",2009,200950,12/12/2009,12,44.97379087,39.95835779,47.13015379,23.89
21,"['2009', 'w51']",2009,200951,19/12/2009,12,31.40040414,35.52872206,29.66255393,23.14571429
16,"['2009', 'w52']",2009,200952,26/12/2009,12,0,0,0,20.066
30,"['2010', 'w01']",2010,201001,02/01/2010,1,0,0,0,22.21585714
36,"['2010', 'w02']",2010,201002,09/01/2010,1,0,0,0,24.66407143
37,"['2010', 'w03']",2010,201003,16/01/2010,1,0,0,0,25.34207143
46,"['2010', 'w04']",2010,201004,23/01/2010,1,34.33897969,35.21915334,33.93365802,24.15364286
83,"['2010', 'w05']",2010,201005,30/01/2010,1,0,0,0,20.89535714
83,"['2010', 'w06']",2010,201006,06/02/2010,2,0,0,0,23.76928571
96,"['2010', 'w07']",2010,201007,13/02/2010,2,12.33967983,13.13382327,11.99260383,26.33992857
95,"['2010', 'w08']",2010,201008,20/02/2010,2,33.52960004,35.06402397,32.83829637,25.8245
115,"['2010', 'w09']",2010,201009,27/02/2010,2,18.35178653,19.61799757,17.72738593,26.386
110,"['2010', 'w10']",2010,201010,06/03/2010,3,20.06195773,22.02853646,19.21828081,27.13992857
136,"['2010', 'w11']",2010,201011,13/03/2010,3,21.74024052,20.85492865,22.11930448,27.94178571
133,"['2010', 'w12']",2010,201012,20/03/2010,3,0.713846072,0.239763032,0.917562298,24.72207143
168,"['2010', 'w13']",2010,201013,27/03/2010,3,47.64735722,46.65717026,48.06063808,26.59121429
234,"['2010', 'w14']",2010,201014,03/04/2010,4,77.66806611,78.73471207,77.25257603,26.64971429
314,"['2010', 'w15']",2010,201015,10/04/2010,4,50.73311637,51.85821753,50.23294638,24.4985
445,"['2010', 'w16']",2010,201016,17/04/2010,4,24.21288726,20.30998503,26.05170644,25.84535714
511,"['2010', 'w17']",2010,201017,24/04/2010,4,64.82279439,69.58907442,62.59070055,29.22007143
562,"['2010', 'w18']",2010,201018,01/05/2010,5,57.2751117,56.37927756,57.65272034,28.163
645,"['2010', 'w19']",2010,201019,08/05/2010,5,52.77898391,51.43533454,53.24799109,26.16121429
731,"['2010', 'w20']",2010,201020,15/05/2010,5,55.14310626,55.04070406,55.05054132,26.88007143
699,"['2010', 'w21']",2010,201021,22/05/2010,5,72.46720221,74.55095497,71.47722623,24.00035714
734,"['2010', 'w22']",2010,201022,29/05/2010,5,65.00375757,67.08359578,63.94641907,25.66171429
820,"['2010', 'w23']",2010,201023,05/06/2010,6,36.05440854,36.54615854,36.01807878,25.97921429
782,"['2010', 'w24']",2010,201024,12/06/2010,6,53.86718215,54.88558878,53.53470759,27.19371429
655,"['2010', 'w25']",2010,201025,19/06/2010,6,70.16669393,68.94874031,70.9603776,20.69828571
651,"['2010', 'w26']",2010,201026,26/06/2010,6,39.91240372,37.3357769,41.25801894,23.00528571
572,"['2010', 'w27']",2010,201027,03/07/2010,7,56.60202645,56.96984811,56.52170838,18.87128571
537,"['2010', 'w28']",2010,201028,10/07/2010,7,70.89878392,70.93310052,70.81456219,20.34342857
522,"['2010', 'w29']",2010,201029,17/07/2010,7,71.79932812,73.22573147,71.31941953,20.17885714
447,"['2010', 'w30']",2010,201030,24/07/2010,7,33.27813847,30.72455366,34.56000377,22.04142857
536,"['2010', 'w31']",2010,201031,31/07/2010,7,58.62095305,60.00776102,58.16785292,22.44942857
493,"['2010', 'w32']",2010,201032,07/08/2010,8,23.43204871,20.45779737,24.84052303,22.61335714
493,"['2010', 'w33']",2010,201033,14/08/2010,8,42.5313607,40.67367534,43.466605,25.3985
448,"['2010', 'w34']",2010,201034,21/08/2010,8,51.17129013,50.95020252,51.2973527,22.081
409,"['2010', 'w35']",2010,201035,28/08/2010,8,89.09289951,87.34072852,89.87249513,25.83664286
347,"['2010', 'w36']",2010,201036,04/09/2010,9,73.47751332,72.8940578,73.59954546,23.43607143
263,"['2010', 'w37']",2010,201037,11/09/2010,9,71.52908677,74.01635848,70.18295303,23.3895
290,"['2010', 'w38']",2010,201038,18/09/2010,9,100.3246329,103.9607612,98.3714974,24.95685714
209,"['2010', 'w39']",2010,201039,25/09/2010,9,66.24611931,65.24531079,66.70083946,26.89642857
164,"['2010', 'w40']",2010,201040,02/10/2010,10,93.64438407,99.70395562,90.56604718,27.73057143
166,"['2010', 'w41']",2010,201041,09/10/2010,10,13.05964014,13.29195378,12.9716139,26.36185714
127,"['2010', 'w42']",2010,201042,16/10/2010,10,40.39075043,35.1619746,42.89991307,25.3945
121,"['2010', 'w43']",2010,201043,23/10/2010,10,67.19670347,72.06607541,64.85059446,25.382
80,"['2010', 'w44']",2010,201044,30/10/2010,10,90.96912763,98.29023193,87.57222435,26.17421429
89,"['2010', 'w45']",2010,201045,06/11/2010,11,76.41275329,80.55735334,74.47678509,24.337
67,"['2010', 'w46']",2010,201046,13/11/2010,11,90.95422194,96.59545182,88.48506514,23.82607143
42,"['2010', 'w47']",2010,201047,20/11/2010,11,40.93106643,40.98769806,40.98670891,23.82142857
44,"['2010', 'w48']",2010,201048,27/11/2010,11,89.97355125,99.70011373,85.70346066,24.73228571
46,"['2010', 'w49']",2010,201049,04/12/2010,12,32.37411871,25.00888313,35.65779373,24.28178571
47,"['2010', 'w50']",2010,201050,11/12/2010,12,68.41859588,71.65070697,67.05583247,22.78728571
33,"['2010', 'w51']",2010,201051,18/12/2010,12,23.4182404,24.41189681,22.90701507,22.996
27,"['2010', 'w52']",2010,201052,25/12/2010,12,17.43097499,19.0481711,16.70226382,21.17535714
38,"['2011', 'w01']",2011,201101,01/01/2011,1,33.11568856,40.93984942,29.67323075,23.54142857
29,"['2011', 'w02']",2011,201102,08/01/2011,1,25.70354929,22.95105258,26.85957206,22.47935714
29,"['2011', 'w03']",2011,201103,15/01/2011,1,6.622354847,11.39455021,4.385247748,21.64514286
26,"['2011', 'w04']",2011,201104,22/01/2011,1,6.046471311,1.061788795,8.216306203,22.616
19,"['2011', 'w05']",2011,201105,29/01/2011,1,0,0,0,23.42314286
14,"['2011', 'w06']",2011,201106,05/02/2011,2,51.76195969,59.39745064,48.30204858,23.24392857
13,"['2011', 'w07']",2011,201107,12/02/2011,2,67.45956678,75.19037345,63.67620513,20.48057143
14,"['2011', 'w08']",2011,201108,19/02/2011,2,4.485227191,4.160965092,4.600078145,27.32442857
19,"['2011', 'w09']",2011,201109,26/02/2011,2,36.63430099,36.7254914,36.68765432,24.26621429
14,"['2011', 'w10']",2011,201110,05/03/2011,3,48.14569643,50.47506682,47.01407929,19.45392857
9,"['2011', 'w11']",2011,201111,12/03/2011,3,5.221074614,6.121579031,4.807567368,23.812
14,"['2011', 'w12']",2011,201112,19/03/2011,3,98.19884099,100.334718,97.18703833,23.292
7,"['2011', 'w13']",2011,201113,26/03/2011,3,21.36142417,18.84253772,22.53546146,28.01071429
15,"['2011', 'w14']",2011,201114,02/04/2011,4,70.30216635,75.64641316,67.78521688,27.11314286
18,"['2011', 'w15']",2011,201115,09/04/2011,4,119.5604993,120.0486646,119.5354847,25.904
16,"['2011', 'w16']",2011,201116,16/04/2011,4,71.54996946,69.39548222,72.90769067,28.02135714
16,"['2011', 'w17']",2011,201117,23/04/2011,4,111.558168,116.9215806,108.7337587,29.4805
9,"['2011', 'w18']",2011,201118,30/04/2011,4,36.35670251,36.0731097,36.44061404,21.225
12,"['2011', 'w19']",2011,201119,07/05/2011,5,70.59282579,69.17725006,71.05443447,24.76464286
15,"['2011', 'w20']",2011,201120,14/05/2011,5,27.71943215,28.37278062,27.36557346,26.02257143
22,"['2011', 'w21']",2011,201121,21/05/2011,5,85.18200616,92.3475989,81.73599053,24.63971429
14,"['2011', 'w22']",2011,201122,28/05/2011,5,62.48597139,55.65090447,65.73149616,24.90842857
22,"['2011', 'w23']",2011,201123,04/06/2011,6,33.6079227,36.39486279,32.26067289,23.07542857
18,"['2011', 'w24']",2011,201124,11/06/2011,6,24.89602863,24.76817773,25.03280935,22.87514286
18,"['2011', 'w25']",2011,201125,18/06/2011,6,62.61673787,63.95184789,62.27822867,24.81464286
21,"['2011', 'w26']",2011,201126,25/06/2011,6,57.89594189,54.93477734,59.35948279,20.80135714
26,"['2011', 'w27']",2011,201127,02/07/2011,7,11.82204359,12.7334574,11.411132,22.518
19,"['2011', 'w28']",2011,201128,09/07/2011,7,64.70844183,64.87511082,64.66802694,23.13042857
11,"['2011', 'w29']",2011,201129,16/07/2011,7,28.89242576,29.32252559,28.72838847,25.131
9,"['2011', 'w30']",2011,201130,23/07/2011,7,46.09068012,46.43050475,45.92840424,23.18042857
16,"['2011', 'w31']",2011,201131,30/07/2011,7,38.78715943,36.97576351,39.73633541,21.917
12,"['2011', 'w32']",2011,201132,06/08/2011,8,14.88021326,15.5820851,14.68477195,22.48742857
12,"['2011', 'w33']",2011,201133,13/08/2011,8,56.08573565,54.69147917,56.84819204,24.43692857
15,"['2011', 'w34']",2011,201134,20/08/2011,8,36.04886839,35.0204869,36.50989877,22.4105
20,"['2011', 'w35']",2011,201135,27/08/2011,8,26.35032026,25.81336336,26.6312916,22.62842857
9,"['2011', 'w36']",2011,201136,03/09/2011,9,41.1179009,40.26939504,41.35069142,25.08871429
10,"['2011', 'w37']",2011,201137,10/09/2011,9,62.44470202,59.34630884,63.73976088,27.07928571
14,"['2011', 'w38']",2011,201138,17/09/2011,9,58.23266014,64.57138983,55.1719769,25.52442857
14,"['2011', 'w39']",2011,201139,24/09/2011,9,35.48511454,36.67027368,34.82234849,23.37
7,"['2011', 'w40']",2011,201140,01/10/2011,10,61.14189894,64.89516722,59.41105894,27.17992857
14,"['2011', 'w41']",2011,201141,08/10/2011,10,67.7927151,73.20960382,65.26678017,27.77692857
12,"['2011', 'w42']",2011,201142,15/10/2011,10,83.30398734,84.21296327,82.84066788,22.48064286
9,"['2011', 'w43']",2011,201143,22/10/2011,10,40.12318996,39.66054119,40.38224359,21.01571429
12,"['2011', 'w44']",2011,201144,29/10/2011,10,53.38298737,53.61800746,53.20197083,26.12257143
6,"['2011', 'w45']",2011,201145,05/11/2011,11,49.73102432,51.01075848,49.37506969,27.02057143
7,"['2011', 'w46']",2011,201146,12/11/2011,11,84.5739784,98.49914199,77.94442289,27.97942857
11,"['2011', 'w47']",2011,201147,19/11/2011,11,62.75298234,60.27162747,63.93017331,25.08807143
9,"['2011', 'w48']",2011,201148,26/11/2011,11,52.36282511,53.61989935,51.75684826,25.89328571
14,"['2011', 'w49']",2011,201149,03/12/2011,12,56.48781672,78.54354143,46.87942067,22.43421429
14,"['2011', 'w50']",2011,201150,10/12/2011,12,56.09351053,35.58737858,65.62293078,19.965
17,"['2011', 'w51']",2011,201151,17/12/2011,12,48.81593689,46.13191122,49.62481658,24.39214286
22,"['2011', 'w52']",2011,201152,24/12/2011,12,30.30054105,30.67498357,30.07719042,22.23492857
16,"['2012', 'w01']",2012,201201,07/01/2012,1,1.451960793,0.036936366,2.077507409,23.42128571
14,"['2012', 'w02']",2012,201202,07/01/2012,1,1.451960793,0.036936366,2.077507409,23.42128571
18,"['2012', 'w03']",2012,201203,14/01/2012,1,50.3105222,57.77959518,46.85720205,24.03942857
12,"['2012', 'w04']",2012,201204,21/01/2012,1,12.56794313,13.11030278,12.31972867,22.86842857
13,"['2012', 'w05']",2012,201205,28/01/2012,1,2.585923932,0.0130439,3.728473769,21.05114286
8,"['2012', 'w06']",2012,201206,04/02/2012,2,29.55271748,30.54366129,29.08021538,24.335
4,"['2012', 'w07']",2012,201207,11/02/2012,2,1.434319367,0.591197955,1.79185616,25.50671429
12,"['2012', 'w08']",2012,201208,18/02/2012,2,0,0,0,22.497
15,"['2012', 'w09']",2012,201209,25/02/2012,2,34.05802158,36.44368355,33.03027351,23.51014286
14,"['2012', 'w10']",2012,201210,03/03/2012,3,25.98294232,24.35446029,26.68624133,24.00271429
16,"['2012', 'w11']",2012,201211,10/03/2012,3,31.86803726,32.83889072,31.42361736,23.66307143
13,"['2012', 'w12']",2012,201212,17/03/2012,3,43.84089454,42.55533548,44.48207428,22.87364286
8,"['2012', 'w13']",2012,201213,24/03/2012,3,44.22894139,48.65392893,42.21393629,23.697
18,"['2012', 'w14']",2012,201214,31/03/2012,3,60.73614171,70.42428085,56.31374756,24.4045
10,"['2012', 'w15']",2012,201215,07/04/2012,4,98.57283829,94.49941241,100.360391,24.91907143
9,"['2012', 'w16']",2012,201216,14/04/2012,4,78.90583557,80.65183032,78.19511627,22.56642857
10,"['2012', 'w17']",2012,201217,21/04/2012,4,83.18334304,90.550738,79.99230749,23.57192857
10,"['2012', 'w18']",2012,201218,28/04/2012,4,82.64831975,84.85146827,81.70038865,25.41307143
15,"['2012', 'w19']",2012,201219,05/05/2012,5,54.86497385,56.86483223,53.72285906,24.49278571
13,"['2012', 'w20']",2012,201220,12/05/2012,5,38.84072148,37.84047379,39.38009459,24.71228571
9,"['2012', 'w21']",2012,201221,19/05/2012,5,49.61859081,47.20582575,50.46900921,25.04542857
9,"['2012', 'w22']",2012,201222,26/05/2012,5,14.86519734,15.5850157,14.54092961,24.36414286
19,"['2012', 'w23']",2012,201223,02/06/2012,6,10.31828001,9.946559016,10.48391122,22.26278571
8,"['2012', 'w24']",2012,201224,09/06/2012,6,43.45537548,41.05235265,44.70536558,24.20957143
15,"['2012', 'w25']",2012,201225,16/06/2012,6,35.04372927,34.81094293,35.38666067,24.2085
13,"['2012', 'w26']",2012,201226,23/06/2012,6,16.63705179,16.51808263,16.67149268,23.92142857
13,"['2012', 'w27']",2012,201227,30/06/2012,6,33.09665797,32.4532685,33.40873502,20.49521429
13,"['2012', 'w28']",2012,201228,07/07/2012,7,44.2409272,45.86287953,43.63074096,21.108
13,"['2012', 'w29']",2012,201229,14/07/2012,7,7.320561305,6.059863099,7.875895787,22.32978571
15,"['2012', 'w30']",2012,201230,21/07/2012,7,11.8115861,11.32804402,12.0528044,21.99928571
12,"['2012', 'w31']",2012,201231,28/07/2012,7,26.05449151,27.79043563,25.22838133,23.68157143
13,"['2012', 'w32']",2012,201232,04/08/2012,8,28.23676996,23.58687347,30.50440925,24.94357143
13,"['2012', 'w33']",2012,201233,11/08/2012,8,55.39663954,51.05415415,57.6599399,23.40278571
17,"['2012', 'w34']",2012,201234,18/08/2012,8,64.63219631,61.89338573,65.94933612,20.153
10,"['2012', 'w35']",2012,201235,25/08/2012,8,24.38595775,25.54222357,23.83580194,23.987
24,"['2012', 'w36']",2012,201236,01/09/2012,9,6.486456103,6.556870034,6.434695086,22.44664286
18,"['2012', 'w37']",2012,201237,08/09/2012,9,21.26368898,22.24796975,20.79989608,27.09842857
18,"['2012', 'w38']",2012,201238,15/09/2012,9,30.79409424,30.79908266,30.75580942,26.75885714
15,"['2012', 'w39']",2012,201239,22/09/2012,9,27.29136657,27.36217852,27.24294187,29.81942857
16,"['2012', 'w40']",2012,201240,29/09/2012,9,43.9524957,44.21290433,43.72684221,25.88135714
21,"['2012', 'w41']",2012,201241,06/10/2012,10,25.82893089,27.24473718,25.25259414,24.88614286
22,"['2012', 'w42']",2012,201242,13/10/2012,10,91.1000574,95.13264354,89.11506632,26.13257143
15,"['2012', 'w43']",2012,201243,20/10/2012,10,72.15922552,77.07215619,69.77955404,29.24
14,"['2012', 'w44']",2012,201244,27/10/2012,10,30.32227958,29.83408186,30.60519333,25.5855
14,"['2012', 'w45']",2012,201245,03/11/2012,11,19.60615985,19.9242178,19.33439151,21.65142857
12,"['2012', 'w46']",2012,201246,10/11/2012,11,68.64347555,72.97744644,66.33505152,23.83514286
16,"['2012', 'w47']",2012,201247,17/11/2012,11,62.29276907,59.28462155,64.00722356,26.22842857
25,"['2012', 'w48']",2012,201248,24/11/2012,11,32.22457496,30.88018117,32.74524333,25.82185714
10,"['2012', 'w49']",2012,201249,01/12/2012,12,40.94897778,39.99045955,41.46970976,23.30214286
17,"['2012', 'w50']",2012,201250,08/12/2012,12,15.44964388,16.06592446,15.11709486,21.59221429
11,"['2012', 'w51']",2012,201251,15/12/2012,12,0,0,0,21.92871429
5,"['2012', 'w52']",2012,201252,22/12/2012,12,11.45050222,11.27434584,11.5014321,20.77642857
29,"['2013', 'w01']",2013,201301,05/01/2013,1,0,0,0,22.71578571
46,"['2013', 'w02']",2013,201302,12/01/2013,1,19.53240532,20.92243423,18.85695923,24.784
31,"['2013', 'w03']",2013,201303,19/01/2013,1,11.58806574,12.18515464,11.28515972,21.10878571
37,"['2013', 'w04']",2013,201304,26/01/2013,1,0,0,0,23.46114286
41,"['2013', 'w05']",2013,201305,02/02/2013,2,68.95670289,79.06822878,64.06134678,20.16092857
41,"['2013', 'w06']",2013,201306,09/02/2013,2,7.430183336,3.675067188,9.23375702,24.85664286
32,"['2013', 'w07']",2013,201307,16/02/2013,2,22.72337274,22.48042497,22.9547094,23.65457143
39,"['2013', 'w08']",2013,201308,23/02/2013,2,27.37436645,32.64123497,24.75952017,25.30135714
50,"['2013', 'w09']",2013,201309,02/03/2013,3,8.277004051,7.345320604,8.68178881,24.23421429
43,"['2013', 'w10']",2013,201310,09/03/2013,3,17.54028896,18.71542975,16.98397231,25.95928571
46,"['2013', 'w11']",2013,201311,16/03/2013,3,50.51605783,51.44883084,50.09921367,27.82978571
52,"['2013', 'w12']",2013,201312,23/03/2013,3,31.03988168,30.45039415,31.34253131,23.69721429
38,"['2013', 'w13']",2013,201313,30/03/2013,3,18.78969226,18.88028505,18.74798958,29.33314286
58,"['2013', 'w14']",2013,201314,06/04/2013,4,19.37957494,18.94202161,19.63645712,24.83771429
59,"['2013', 'w15']",2013,201315,13/04/2013,4,48.04472111,45.60755776,49.2147698,26.67942857
53,"['2013', 'w16']",2013,201316,20/04/2013,4,46.60642133,44.12506042,47.75902551,26.14128571
48,"['2013', 'w17']",2013,201317,27/04/2013,4,74.04674766,72.5767709,74.53628363,24.75071429
45,"['2013', 'w18']",2013,201318,04/05/2013,5,48.02843473,47.41166791,48.20202005,23.90171429
41,"['2013', 'w19']",2013,201319,11/05/2013,5,50.78105907,53.08262974,49.67655227,25.58678571
62,"['2013', 'w20']",2013,201320,18/05/2013,5,96.03341094,92.56836959,97.48603861,26.6675
46,"['2013', 'w21']",2013,201321,25/05/2013,5,45.35621539,43.25766371,46.28527634,26.00164286
60,"['2013', 'w22']",2013,201322,01/06/2013,6,11.45639491,11.4456919,11.47020788,23.51257143
61,"['2013', 'w23']",2013,201323,08/06/2013,6,26.77575456,26.49181184,26.91804652,20.88842857
66,"['2013', 'w24']",2013,201324,15/06/2013,6,38.62950011,37.47240851,39.27923501,22.57092857
68,"['2013', 'w25']",2013,201325,22/06/2013,6,56.31709694,55.1563718,56.99195272,21.5125
46,"['2013', 'w26']",2013,201326,29/06/2013,6,14.77544261,14.89380545,14.76530458,23.78835714
51,"['2013', 'w27']",2013,201327,06/07/2013,7,25.38796805,25.24425874,25.45274272,22.88585714
63,"['2013', 'w28']",2013,201328,13/07/2013,7,8.250656273,7.741286562,8.546283005,23.7965
45,"['2013', 'w29']",2013,201329,20/07/2013,7,10.75353952,11.10246609,10.55656559,24.19742857
46,"['2013', 'w30']",2013,201330,27/07/2013,7,20.10732342,20.34047092,19.91057486,24.76871429
30,"['2013', 'w31']",2013,201331,03/08/2013,8,38.66984334,36.56733624,39.61426686,22.38192857
41,"['2013', 'w32']",2013,201332,10/08/2013,8,72.79413471,67.86560022,75.31642764,23.60485714
44,"['2013', 'w33']",2013,201333,17/08/2013,8,32.46646755,34.7615065,31.44667469,24.23492857
54,"['2013', 'w34']",2013,201334,24/08/2013,8,40.93172673,39.29385526,41.68649362,25.20685714
36,"['2013', 'w35']",2013,201335,31/08/2013,8,57.07259691,58.35164978,56.34557729,25.78871429
40,"['2013', 'w36']",2013,201336,07/09/2013,9,37.07035722,36.324179,37.39938793,27.00057143
34,"['2013', 'w37']",2013,201337,14/09/2013,9,18.30661702,19.11090957,17.88571163,23.87928571
39,"['2013', 'w38']",2013,201338,21/09/2013,9,23.8736192,23.87840313,23.80411631,25.79128571
41,"['2013', 'w39']",2013,201339,28/09/2013,9,76.96532454,77.31957043,76.79696914,23.46471429
43,"['2013', 'w40']",2013,201340,05/10/2013,10,36.85434743,38.02503787,36.21616143,26.19578571
42,"['2013', 'w41']",2013,201341,12/10/2013,10,77.11031752,78.01349258,76.61126628,25.58971429
48,"['2013', 'w42']",2013,201342,19/10/2013,10,44.37990526,45.05569146,44.18680802,20.14592857
48,"['2013', 'w43']",2013,201343,26/10/2013,10,28.61178898,29.82396647,28.03857896,22.09842857
40,"['2013', 'w44']",2013,201344,02/11/2013,11,90.46686671,91.60219202,89.66642058,24.21007143
48,"['2013', 'w45']",2013,201345,09/11/2013,11,22.96673287,24.90658553,22.28145314,23.83092857
37,"['2013', 'w46']",2013,201346,16/11/2013,11,47.17681637,36.88562401,51.82330422,24.11857143
46,"['2013', 'w47']",2013,201347,23/11/2013,11,40.69334286,46.55843714,38.15189808,25.50857143
41,"['2013', 'w48']",2013,201348,30/11/2013,11,65.44783439,78.01005548,59.7776167,25.31285714
38,"['2013', 'w49']",2013,201349,07/12/2013,12,20.3901981,18.37966509,21.2559777,23.87557143
48,"['2013', 'w50']",2013,201350,14/12/2013,12,33.40714249,31.15613757,34.40349373,23.75571429
38,"['2013', 'w51']",2013,201351,21/12/2013,12,0.042052737,0.025971121,0.048585829,24.47671429
23,"['2013', 'w52']",2013,201352,28/12/2013,12,5.078861495,0.352017264,7.162798535,19.41535714
49,"['2014', 'w01']",2014,201401,04/01/2014,1,39.03970177,43.03715272,37.12286529,23.29414286
57,"['2014', 'w02']",2014,201402,11/01/2014,1,0.423284954,0.021005087,0.59833203,21.16664286
61,"['2014', 'w03']",2014,201403,18/01/2014,1,15.66146798,14.13147553,16.40116811,23.71792857
59,"['2014', 'w04']",2014,201404,25/01/2014,1,12.88156119,13.29183086,12.70619454,22.6795
39,"['2014', 'w05']",2014,201405,01/02/2014,2,1.343628175,1.876914717,1.059145705,22.03128571
38,"['2014', 'w06']",2014,201406,08/02/2014,2,10.0495717,8.616162319,10.77596904,21.44414286
40,"['2014', 'w07']",2014,201407,15/02/2014,2,25.12212356,26.56378904,24.366108,24.34578571
33,"['2014', 'w08']",2014,201408,22/02/2014,2,55.93101876,60.17390071,53.86538619,22.77042857
30,"['2014', 'w09']",2014,201409,01/03/2014,3,43.6358547,44.38706117,43.12670755,24.49907143
25,"['2014', 'w10']",2014,201410,08/03/2014,3,39.32667522,37.9534567,39.94056136,21.43478571
37,"['2014', 'w11']",2014,201411,15/03/2014,3,18.44087086,18.77928617,18.25469319,21.03585714
32,"['2014', 'w12']",2014,201412,22/03/2014,3,10.30708859,11.92267168,9.628371207,25.05357143
29,"['2014', 'w13']",2014,201413,29/03/2014,3,9.929058127,9.885679816,9.961174652,25.31092857
34,"['2014', 'w14']",2014,201414,05/04/2014,4,8.898264447,10.31136625,8.207530719,24.93485714
32,"['2014', 'w15']",2014,201415,12/04/2014,4,36.69441005,33.48860351,38.2756804,25.34721429
27,"['2014', 'w16']",2014,201416,19/04/2014,4,81.18012705,82.90944166,80.43505699,24.45642857
43,"['2014', 'w17']",2014,201417,26/04/2014,4,43.57062298,43.64035429,43.41803821,24.394
44,"['2014', 'w18']",2014,201418,03/05/2014,5,48.53005341,46.00922421,49.60870183,23.70285714
35,"['2014', 'w19']",2014,201419,10/05/2014,5,35.09314513,36.99905627,34.13434422,22.92
29,"['2014', 'w20']",2014,201420,17/05/2014,5,42.56596987,39.09285844,44.05498857,24.79521429
29,"['2014', 'w21']",2014,201421,24/05/2014,5,62.71903448,61.16577549,63.37822309,26.084
28,"['2014', 'w22']",2014,201422,31/05/2014,5,20.05031294,18.37264432,20.81163185,25.37935714
45,"['2014', 'w23']",2014,201423,07/06/2014,6,34.49131901,34.08829667,34.8263915,23.8965
44,"['2014', 'w24']",2014,201424,14/06/2014,6,17.13568453,14.94098992,18.16270234,27.18535714
31,"['2014', 'w25']",2014,201425,21/06/2014,6,31.01693095,28.93680404,32.07250547,23.11757143
44,"['2014', 'w26']",2014,201426,28/06/2014,6,20.49360616,19.90214443,20.79305714,23.62421429
77,"['2014', 'w27']",2014,201427,05/07/2014,7,15.95651448,17.43890901,15.21136326,23.82385714
56,"['2014', 'w28']",2014,201428,12/07/2014,7,3.183063229,3.463374885,3.064757968,25.98992857
69,"['2014', 'w29']",2014,201429,19/07/2014,7,3.621319424,3.584797154,3.644234596,25.28714286
76,"['2014', 'w30']",2014,201430,26/07/2014,7,7.436327002,7.625439253,7.331336893,23.68228571
112,"['2014', 'w31']",2014,201431,02/08/2014,8,50.69668039,47.0769943,52.29260748,22.48542857
97,"['2014', 'w32']",2014,201432,09/08/2014,8,39.65025374,38.1739812,40.41551472,20.95857143
98,"['2014', 'w33']",2014,201433,16/08/2014,8,16.66573906,15.57682717,17.20012678,22.96592857
82,"['2014', 'w34']",2014,201434,23/08/2014,8,42.638115,42.47760073,42.7280035,25.89928571
88,"['2014', 'w35']",2014,201435,30/08/2014,8,14.76887121,14.52689299,14.86039348,24.11142857
126,"['2014', 'w36']",2014,201436,06/09/2014,9,42.38732118,46.83359444,40.13606871,24.10085714
123,"['2014', 'w37']",2014,201437,13/09/2014,9,55.96757622,56.18826303,55.76292834,25.35235714
117,"['2014', 'w38']",2014,201438,20/09/2014,9,25.48987907,26.84050938,24.77083422,25.33078571
112,"['2014', 'w39']",2014,201439,27/09/2014,9,11.17860485,10.60032313,11.32323833,27.05378571
96,"['2014', 'w40']",2014,201440,04/10/2014,10,94.94198437,95.25975249,94.75743099,26.29242857
95,"['2014', 'w41']",2014,201441,11/10/2014,10,41.82289582,41.00922254,42.1055506,28.70757143
68,"['2014', 'w42']",2014,201442,18/10/2014,10,50.64561492,53.80329248,49.02737128,25.09814286
89,"['2014', 'w43']",2014,201443,25/10/2014,10,48.57502582,47.61096425,49.1276653,25.97742857
76,"['2014', 'w44']",2014,201444,01/11/2014,11,35.83132434,39.39767109,33.85049232,26.56
68,"['2014', 'w45']",2014,201445,08/11/2014,11,79.86239971,77.82359052,81.06594712,23.38107143
68,"['2014', 'w46']",2014,201446,15/11/2014,11,7.296234431,6.912467554,7.469062682,23.94271429
57,"['2014', 'w47']",2014,201447,22/11/2014,11,25.88606188,26.17867759,25.68006166,23.51842857
44,"['2014', 'w48']",2014,201448,29/11/2014,11,33.77250852,34.17890795,33.56075716,21.53821429
74,"['2014', 'w49']",2014,201449,06/12/2014,12,54.2869617,52.44768735,54.91821108,23.75557143
61,"['2014', 'w50']",2014,201450,13/12/2014,12,34.13460426,35.88342527,33.41176902,25.58092857
75,"['2014', 'w51']",2014,201451,20/12/2014,12,0,0,0,24.45871429
63,"['2014', 'w52']",2014,201452,27/12/2014,12,0,0,0,23.39664286
104,"['2015', 'w01']",2015,201501,03/01/2015,1,0,0,0,22.66407143
75,"['2015', 'w02']",2015,201502,10/01/2015,1,3.243555174,3.852144219,2.979896739,24.01842857
58,"['2015', 'w03']",2015,201503,17/01/2015,1,21.47417,22.26927592,21.08238905,16.11185714
49,"['2015', 'w04']",2015,201504,24/01/2015,1,7.99533495,8.4060091,7.788199117,22.04971429
55,"['2015', 'w05']",2015,201505,31/01/2015,1,14.67768118,11.98966247,15.87911463,23.29878571
37,"['2015', 'w06']",2015,201506,07/02/2015,2,32.68240568,33.93071705,31.96840714,14.78328571
40,"['2015', 'w07']",2015,201507,14/02/2015,2,9.417273308,11.36554243,8.495352271,15.82992857
31,"['2015', 'w08']",2015,201508,21/02/2015,2,0.014384058,0.016713859,0.012956442,24.40121429
45,"['2015', 'w09']",2015,201509,28/02/2015,2,24.71879424,27.83977663,23.22841875,24.285
27,"['2015', 'w10']",2015,201510,07/03/2015,3,5.728703461,4.036659429,6.507134346,24.59335714
34,"['2015', 'w11']",2015,201511,14/03/2015,3,44.954073,47.61668806,43.74232623,26.42971429
36,"['2015', 'w12']",2015,201512,21/03/2015,3,4.788889685,2.744858551,5.621092271,27.08321429
31,"['2015', 'w13']",2015,201513,28/03/2015,3,39.2609096,40.54900137,38.65930035,25.92035714
34,"['2015', 'w14']",2015,201514,04/04/2015,4,41.92739251,39.95976428,42.77770355,22.78192857
31,"['2015', 'w15']",2015,201515,11/04/2015,4,42.66341758,41.85619113,43.10339383,23.61128571
19,"['2015', 'w16']",2015,201516,18/04/2015,4,39.00238613,39.23323331,38.87592248,27.4655
16,"['2015', 'w17']",2015,201517,25/04/2015,4,13.27493422,14.29595656,12.69921274,25.18285714
30,"['2015', 'w18']",2015,201518,02/05/2015,5,24.34298393,22.81687687,24.97208811,27.36707143
28,"['2015', 'w19']",2015,201519,09/05/2015,5,16.5039617,14.67429544,17.28880319,26.07992857
30,"['2015', 'w20']",2015,201520,16/05/2015,5,40.79206623,40.57587432,40.75990774,23.33257143
24,"['2015', 'w21']",2015,201521,23/05/2015,5,57.51711771,56.35182241,57.86596352,23.44335714
26,"['2015', 'w22']",2015,201522,30/05/2015,5,38.8962553,38.86931132,39.01259729,17.18942857
45,"['2015', 'w23']",2015,201523,06/06/2015,6,14.31178886,14.90352536,14.04945245,26.73257143
57,"['2015', 'w24']",2015,201524,13/06/2015,6,7.577783944,6.7070955,7.989299914,25.06828571
38,"['2015', 'w25']",2015,201525,20/06/2015,6,9.98547574,10.07703447,9.939598595,22.15292857
69,"['2015', 'w26']",2015,201526,27/06/2015,6,8.502988584,7.533767279,8.975573955,25.79778571
65,"['2015', 'w27']",2015,201527,04/07/2015,7,17.76710363,17.00093423,18.15339609,27.49821429
52,"['2015', 'w28']",2015,201528,11/07/2015,7,23.55308352,23.07163964,23.81478246,26.05142857
70,"['2015', 'w29']",2015,201529,18/07/2015,7,43.19547896,40.87048434,44.26946189,21.58928571
46,"['2015', 'w30']",2015,201530,25/07/2015,7,10.76466505,10.78508474,10.76219392,25.17285714
49,"['2015', 'w31']",2015,201531,01/08/2015,8,0.732983104,0.201117293,0.962995537,26.60471429
58,"['2015', 'w32']",2015,201532,08/08/2015,8,10.78792115,10.52630111,10.93395874,26.019
73,"['2015', 'w33']",2015,201533,15/08/2015,8,16.84964444,18.29843583,16.20081536,20.95728571
72,"['2015', 'w34']",2015,201534,22/08/2015,8,24.93283905,24.33042763,25.29076669,23.97335714
67,"['2015', 'w35']",2015,201535,29/08/2015,8,10.84679321,10.87428534,10.79386132,23.79785714
104,"['2015', 'w36']",2015,201536,05/09/2015,9,21.92419348,21.98565531,21.8134103,25.40928571
105,"['2015', 'w37']",2015,201537,12/09/2015,9,15.8002696,17.89309313,14.81822153,25.74928571
119,"['2015', 'w38']",2015,201538,19/09/2015,9,28.64179246,28.50391568,28.63927509,26.22585714
118,"['2015', 'w39']",2015,201539,26/09/2015,9,28.12091011,28.42613051,27.92869225,24.12092857
103,"['2015', 'w40']",2015,201540,03/10/2015,10,60.65946255,68.86178611,56.85192614,26.30464286
116,"['2015', 'w41']",2015,201541,10/10/2015,10,50.51325242,49.45143734,50.90857386,21.67
129,"['2015', 'w42']",2015,201542,17/10/2015,10,24.90961683,27.32315253,23.77980103,21.67
123,"['2015', 'w43']",2015,201543,24/10/2015,10,43.55212141,45.66633498,42.5520769,26.33607143
103,"['2015', 'w44']",2015,201544,31/10/2015,10,51.46189757,52.0170249,51.19118502,27.88442857
121,"['2015', 'w45']",2015,201545,07/11/2015,11,24.35567736,19.52138971,26.70326829,26.45085714
105,"['2015', 'w46']",2015,201546,14/11/2015,11,44.37692451,44.20124546,44.55869361,25.36114286
97,"['2015', 'w47']",2015,201547,21/11/2015,11,13.44655927,15.55040482,12.35566062,23.03321429
135,"['2015', 'w48']",2015,201548,28/11/2015,11,10.20466394,9.971593462,10.28562758,25.98814286
130,"['2015', 'w49']",2015,201549,05/12/2015,12,15.26377858,15.09984955,15.35677996,24.77328571
147,"['2015', 'w50']",2015,201550,12/12/2015,12,18.5082374,17.71956673,18.88121534,25.797
188,"['2015', 'w51']",2015,201551,19/12/2015,12,22.98553612,21.30850789,23.6866992,22.93021429
221,"['2015', 'w52']",2015,201552,26/12/2015,12,30.58415735,29.16808649,31.32196653,23.01642857
235,"['2016', 'w01']",2016,201601,02/01/2016,1,42.19383867,43.26116219,41.65116473,22.25564286
274,"['2016', 'w02']",2016,201602,09/01/2016,1,0,0,0,22.74485714
252,"['2016', 'w03']",2016,201603,16/01/2016,1,5.154849551,6.78456086,4.34325671,24.93492857
262,"['2016', 'w04']",2016,201604,23/01/2016,1,0,0,0,25.69385714
274,"['2016', 'w05']",2016,201605,30/01/2016,1,5.560971908,6.08922927,5.315375571,24.78635714
266,"['2016', 'w06']",2016,201606,06/02/2016,2,0,0,0,23.042
234,"['2016', 'w07']",2016,201607,13/02/2016,2,12.03229768,13.85399283,11.12613143,22.06085714
258,"['2016', 'w08']",2016,201608,20/02/2016,2,9.96299466,10.73222227,9.633227428,25.8358
272,"['2016', 'w09']",2016,201609,27/02/2016,2,0.025988492,0,0.037532409,
189,"['2016', 'w10']",2016,201610,05/03/2016,3,24.19812978,24.2907653,24.18050576,24.91578571
237,"['2016', 'w11']",2016,201611,12/03/2016,3,11.45919701,11.7266997,11.33037251,26.33871429
272,"['2016', 'w12']",2016,201612,19/03/2016,3,4.346957148,4.622447614,4.218269854,24.84521429
342,"['2016', 'w13']",2016,201613,26/03/2016,3,33.29905143,33.74740765,33.04501022,25.12907143
303,"['2016', 'w14']",2016,201614,02/04/2016,4,10.66646904,8.341426423,11.69205929,25.04771429
372,"['2016', 'w15']",2016,201615,09/04/2016,4,36.44131629,37.22399079,36.10920936,24.87285714
353,"['2016', 'w16']",2016,201616,16/04/2016,4,37.70417436,35.9032399,38.64881005,25.43007143
343,"['2016', 'w17']",2016,201617,23/04/2016,4,75.62265085,76.88224596,74.92963869,27.19714286
417,"['2016', 'w18']",2016,201618,30/04/2016,4,37.24639427,38.95324696,36.40211218,19.949
447,"['2016', 'w19']",2016,201619,07/05/2016,5,57.97473368,55.33100633,59.00885838,23.21
464,"['2016', 'w20']",2016,201620,14/05/2016,5,15.13121305,14.13175705,15.56609032,24.70742857
467,"['2016', 'w21']",2016,201621,21/05/2016,5,34.55241754,35.99830524,33.77516696,27.79035714
474,"['2016', 'w22']",2016,201622,28/05/2016,5,60.12891526,57.03650191,61.63682502,24.71335714
515,"['2016', 'w23']",2016,201623,04/06/2016,6,11.493461,11.76262025,11.32693187,24.73514286
527,"['2016', 'w24']",2016,201624,11/06/2016,6,20.67229623,19.93484624,21.07212701,20.08442857
527,"['2016', 'w25']",2016,201625,18/06/2016,6,24.84503369,24.48119645,25.06143542,24.57621429
514,"['2016', 'w26']",2016,201626,25/06/2016,6,30.30416206,30.2771209,30.40486381,22.0975
592,"['2016', 'w27']",2016,201627,02/07/2016,7,32.80883194,31.71214673,33.32610046,17.07271429
526,"['2016', 'w28']",2016,201628,09/07/2016,7,32.53335279,31.29389691,33.00884481,22.0905
461,"['2016', 'w29']",2016,201629,16/07/2016,7,33.34138885,31.89206828,33.93124612,23.34078571
478,"['2016', 'w30']",2016,201630,23/07/2016,7,18.65133964,18.1781408,18.87894401,20.04357143
501,"['2016', 'w31']",2016,201631,30/07/2016,7,35.29964173,34.21325323,35.8853259,23.84135714
488,"['2016', 'w32']",2016,201632,06/08/2016,8,36.01015526,37.32350102,35.42012937,25.18135714
539,"['2016', 'w33']",2016,201633,13/08/2016,8,62.29721883,65.48108428,60.9521075,24.49385714
466,"['2016', 'w34']",2016,201634,20/08/2016,8,30.2134964,28.02316606,31.38238302,22.138
400,"['2016', 'w35']",2016,201635,27/08/2016,8,79.99778671,83.27900735,78.45292366,25.19442857
378,"['2016', 'w36']",2016,201636,03/09/2016,9,78.70218282,77.11503351,79.53969994,23.20892857
342,"['2016', 'w37']",2016,201637,10/09/2016,9,58.8377064,63.88254323,56.34533008,21.78978571
328,"['2016', 'w38']",2016,201638,17/09/2016,9,23.05172679,23.44979488,22.85264697,23.73878571
354,"['2016', 'w39']",2016,201639,24/09/2016,9,38.30182868,41.92614077,36.52246768,27.59771429
263,"['2016', 'w40']",2016,201640,01/10/2016,10,40.82563042,39.87700815,41.17817175,25.89128571
262,"['2016', 'w41']",2016,201641,08/10/2016,10,75.14379163,78.10532143,73.8513122,25.77478571
255,"['2016', 'w42']",2016,201642,15/10/2016,10,43.98224467,45.84020053,42.94494044,25.13035714
226,"['2016', 'w43']",2016,201643,22/10/2016,10,51.17508888,52.93179925,50.29028852,23.06357143
185,"['2016', 'w44']",2016,201644,29/10/2016,10,48.03487191,49.20804955,47.52258024,26.15071429
184,"['2016', 'w45']",2016,201645,05/11/2016,11,68.24186171,68.48679461,68.16715984,21.90735714
192,"['2016', 'w46']",2016,201646,12/11/2016,11,52.7381649,56.62568509,50.86939973,25.21178571
181,"['2016', 'w47']",2016,201647,19/11/2016,11,17.04396784,14.73163556,18.05341349,23.00357143
143,"['2016', 'w48']",2016,201648,26/11/2016,11,71.2299413,69.33806609,71.96912385,21.72064286
116,"['2016', 'w49']",2016,201649,03/12/2016,12,28.77097714,29.30996112,28.46206921,23.93514286
124,"['2016', 'w50']",2016,201650,10/12/2016,12,24.92429288,25.61844109,24.50144393,21.40664286
122,"['2016', 'w51']",2016,201651,17/12/2016,12,0,0,0,19.81792857
110,"['2016', 'w52']",2016,201652,24/12/2016,12,31.31165068,29.1391962,32.36143159,24.74221429
89,"['2017', 'w01']",2017,201701,07/01/2017,1,52.18241085,52.76645926,51.7839906,22.24264286
99,"['2017', 'w02']",2017,201702,07/01/2017,1,52.18241085,52.76645926,51.7839906,22.24264286
78,"['2017', 'w03']",2017,201703,14/01/2017,1,8.38299015,1.985282063,11.16261776,22.25992857
69,"['2017', 'w04']",2017,201704,21/01/2017,1,0.044663906,0,0.064503318,22.31592857
57,"['2017', 'w05']",2017,201705,28/01/2017,1,22.58616996,22.92355107,22.36523106,24.89635714
52,"['2017', 'w06']",2017,201706,04/02/2017,2,4.168444584,1.440383216,5.453082425,23.73707143
47,"['2017', 'w07']",2017,201707,11/02/2017,2,0.444783449,0.469530072,0.637980818,25.41107143
51,"['2017', 'w08']",2017,201708,18/02/2017,2,30.20939997,42.23100129,24.59915446,24.22528571
50,"['2017', 'w09']",2017,201709,25/02/2017,2,15.17644345,12.60480091,16.22357172,21.513
48,"['2017', 'w10']",2017,201710,04/03/2017,3,64.90891458,67.64205211,63.53993652,23.77271429
40,"['2017', 'w11']",2017,201711,11/03/2017,3,54.56332762,57.35915945,53.03865725,22.99771429
42,"['2017', 'w12']",2017,201712,18/03/2017,3,43.08627743,48.0902169,40.77828666,19.38542857
41,"['2017', 'w13']",2017,201713,25/03/2017,3,74.48419126,79.22825901,72.16352575,24.16271429
56,"['2017', 'w14']",2017,201714,01/04/2017,4,8.739839588,9.639551947,8.346658306,22.89721429
43,"['2017', 'w15']",2017,201715,08/04/2017,4,65.11343873,65.92160774,64.68305017,22.59242857
57,"['2017', 'w16']",2017,201716,15/04/2017,4,29.57859862,29.66118469,29.49420897,23.93471429
38,"['2017', 'w17']",2017,201717,22/04/2017,4,39.9315651,36.53129338,41.61311397,22.14335714
37,"['2017', 'w18']",2017,201718,29/04/2017,4,53.47430984,51.65368996,54.21809356,23.1465
40,"['2017', 'w19']",2017,201719,06/05/2017,5,93.70421623,96.13659062,92.32475076,24.34685714
46,"['2017', 'w20']",2017,201720,13/05/2017,5,62.34625581,61.53877563,62.57924682,17.05228571
47,"['2017', 'w21']",2017,201721,20/05/2017,5,37.09590722,32.56787421,39.15267868,22.78642857
42,"['2017', 'w22']",2017,201722,27/05/2017,5,17.35634146,17.24913011,17.47323689,24.38192857
33,"['2017', 'w23']",2017,201723,03/06/2017,6,35.01615153,34.23683313,35.31839974,24.46335714
39,"['2017', 'w24']",2017,201724,10/06/2017,6,50.36520977,49.06279069,51.09892682,25.86057143
24,"['2017', 'w25']",2017,201725,17/06/2017,6,54.75492274,54.41276817,54.96199232,22.57685714
38,"['2017', 'w26']",2017,201726,24/06/2017,6,50.66637386,46.36108111,52.94171413,23.64457143
51,"['2017', 'w27']",2017,201727,01/07/2017,7,8.340266377,8.618789642,8.21848899,22.94685714
50,"['2017', 'w28']",2017,201728,08/07/2017,7,7.068763475,5.136900041,7.91226527,21.02228571
38,"['2017', 'w29']",2017,201729,15/07/2017,7,25.34289919,24.98737256,25.49287353,21.55771429
36,"['2017', 'w30']",2017,201730,22/07/2017,7,2.963827293,2.538664321,3.161938223,23.88528571
38,"['2017', 'w31']",2017,201731,29/07/2017,7,24.49565869,25.0118898,24.30492965,20.194
27,"['2017', 'w32']",2017,201732,05/08/2017,8,32.95446137,31.30382581,33.70414082,23.54642857
14,"['2017', 'w33']",2017,201733,12/08/2017,8,34.1049246,34.27920648,34.01946547,20.49
44,"['2017', 'w34']",2017,201734,19/08/2017,8,22.34390861,20.90638923,23.09768702,23.08285714
29,"['2017', 'w35']",2017,201735,26/08/2017,8,45.81270949,46.55873497,45.51248716,17.40592857
31,"['2017', 'w36']",2017,201736,02/09/2017,9,47.81894677,48.20716045,47.52639634,22.16857143
39,"['2017', 'w37']",2017,201737,09/09/2017,9,66.0919359,67.18812095,65.3992102,17.831
37,"['2017', 'w38']",2017,201738,16/09/2017,9,30.63030624,31.03972646,30.35067794,22.19114286
42,"['2017', 'w39']",2017,201739,23/09/2017,9,45.95326948,43.35182029,47.20272963,22.99328571
31,"['2017', 'w40']",2017,201740,30/09/2017,9,80.57372898,87.86728005,77.0791011,22.389
29,"['2017', 'w41']",2017,201741,07/10/2017,10,29.04849783,29.93065072,28.66789766,24.31714286
27,"['2017', 'w42']",2017,201742,14/10/2017,10,21.1240285,20.53628251,21.35635413,22.78257143
27,"['2017', 'w43']",2017,201743,21/10/2017,10,62.5000633,66.5576115,60.72816442,22.58771429
24,"['2017', 'w44']",2017,201744,28/10/2017,10,38.06413048,34.29107703,39.53286007,16.0335
27,"['2017', 'w45']",2017,201745,04/11/2017,11,37.31274333,39.35001438,36.37727873,21.86507143
22,"['2017', 'w46']",2017,201746,11/11/2017,11,76.72461777,76.49286386,76.87914219,25.77935714
28,"['2017', 'w47']",2017,201747,18/11/2017,11,30.48455875,31.58232387,30.03294608,22.09957143
21,"['2017', 'w48']",2017,201748,25/11/2017,11,33.16582972,31.86651172,33.77434557,22.29492857
30,"['2017', 'w49']",2017,201749,02/12/2017,12,27.74738632,27.27016012,27.92974729,22.00214286
14,"['2017', 'w50']",2017,201750,09/12/2017,12,30.74303198,30.88372224,30.59760259,20.94742857
22,"['2017', 'w51']",2017,201751,16/12/2017,12,1.425476927,1.009213662,1.582900698,20.9565
19,"['2017', 'w52']",2017,201752,23/12/2017,12,16.35792716,15.99318181,16.54337488,21.94421429
16,"['2018', 'w01']",2018,201801,06/01/2018,1,32.73385716,32.80955602,32.60009972,23.26664286
35,"['2018', 'w02']",2018,201802,13/01/2018,1,27.79990228,32.68983667,25.56327006,18.36621429
26,"['2018', 'w03']",2018,201803,20/01/2018,1,12.28164554,10.64215814,13.12154051,24.1025
26,"['2018', 'w04']",2018,201804,27/01/2018,1,43.78627135,45.45094525,42.97264884,21.18721429
30,"['2018', 'w05']",2018,201805,03/02/2018,2,0.647042355,0.010233522,0.929668175,24.44164286
22,"['2018', 'w06']",2018,201806,10/02/2018,2,4.914404866,5.105110644,4.700613549,23.76778571
23,"['2018', 'w07']",2018,201807,17/02/2018,2,17.40837442,19.96727997,16.28733252,22.23285714
21,"['2018', 'w08']",2018,201808,24/02/2018,2,0,0,0,22.464
25,"['2018', 'w09']",2018,201809,03/03/2018,3,9.900382786,12.72597911,8.325473756,24.53157143
22,"['2018', 'w10']",2018,201810,10/03/2018,3,0.773552122,0.417736095,0.921787494,22.87792857
14,"['2018', 'w11']",2018,201811,17/03/2018,3,26.96457969,27.57624198,26.65974686,25.20314286
24,"['2018', 'w12']",2018,201812,24/03/2018,3,57.48009969,58.18911924,57.31547621,22.76564286
20,"['2018', 'w13']",2018,201813,31/03/2018,3,77.83930209,80.29394877,76.69326006,24.49935714
24,"['2018', 'w14']",2018,201814,07/04/2018,4,60.67249569,59.11961843,61.2717552,24.81242857
22,"['2018', 'w15']",2018,201815,14/04/2018,4,21.72741388,18.07297068,23.32858809,22.70892857
22,"['2018', 'w16']",2018,201816,21/04/2018,4,58.98329107,59.3989064,58.739196,24.69378571
20,"['2018', 'w17']",2018,201817,28/04/2018,4,69.41461764,72.99751186,67.64957429,24.71285714
24,"['2018', 'w18']",2018,201818,05/05/2018,5,80.56800837,79.22934909,81.18473448,25.19607143
20,"['2018', 'w19']",2018,201819,12/05/2018,5,81.47877586,89.78069305,77.43019223,22.89592857
21,"['2018', 'w20']",2018,201820,19/05/2018,5,83.89886847,78.06571841,86.53922796,23.85007143
17,"['2018', 'w21']",2018,201821,26/05/2018,5,75.60255145,75.79291049,75.67596666,22.243
19,"['2018', 'w22']",2018,201822,02/06/2018,6,29.9264453,30.18540187,29.76323317,23.20578571
23,"['2018', 'w23']",2018,201823,09/06/2018,6,23.10276364,21.55495962,23.94511726,20.93292857
22,"['2018', 'w24']",2018,201824,16/06/2018,6,9.321223105,7.609872399,10.18345542,17.16928571
23,"['2018', 'w25']",2018,201825,23/06/2018,6,46.17523636,45.53361178,46.57160234,23.83242857
23,"['2018', 'w26']",2018,201826,30/06/2018,6,34.74679738,33.80934329,35.23700077,21.20471429
27,"['2018', 'w27']",2018,201827,07/07/2018,7,6.514134444,5.863651058,6.864566389,22.89792857
35,"['2018', 'w28']",2018,201828,14/07/2018,7,8.002134205,10.57331611,6.821978729,23.19414286
22,"['2018', 'w29']",2018,201829,21/07/2018,7,21.42764288,21.04082802,21.61688424,19.05142857
19,"['2018', 'w30']",2018,201830,28/07/2018,7,36.24753703,32.0285527,38.04370799,23.23464286
20,"['2018', 'w31']",2018,201831,04/08/2018,8,20.80356011,21.12607127,20.69441343,22.62985714
22,"['2018', 'w32']",2018,201832,11/08/2018,8,31.51553135,29.33882338,32.6377536,22.02307143
18,"['2018', 'w33']",2018,201833,18/08/2018,8,12.34534323,12.76990502,12.14526554,18.59507143
25,"['2018', 'w34']",2018,201834,25/08/2018,8,30.28945921,29.98757669,30.47250306,21.44835714
27,"['2018', 'w35']",2018,201835,01/09/2018,9,58.76785233,61.31898168,57.56509296,24.25971429
25,"['2018', 'w36']",2018,201836,08/09/2018,9,55.57761058,57.00887418,54.75881836,24.75607143
12,"['2018', 'w37']",2018,201837,15/09/2018,9,25.42967468,25.03369901,25.52720759,25.88542857
22,"['2018', 'w38']",2018,201838,22/09/2018,9,46.58802673,45.42476347,47.11588379,24.272
22,"['2018', 'w39']",2018,201839,29/09/2018,9,107.5335084,114.1868011,104.2742227,22.57728571
27,"['2018', 'w40']",2018,201840,06/10/2018,10,76.85626556,76.19373086,77.06463105,22.56207143
23,"['2018', 'w41']",2018,201841,13/10/2018,10,25.43212614,29.86467632,23.35645873,22.67721429
24,"['2018', 'w42']",2018,201842,20/10/2018,10,50.62133583,53.08584915,49.51102582,22.6075
24,"['2018', 'w43']",2018,201843,27/10/2018,10,46.6136447,48.63354818,45.5492922,19.60614286
17,"['2018', 'w44']",2018,201844,03/11/2018,11,24.74600092,27.0721724,24.06247294,24.44114286
20,"['2018', 'w45']",2018,201845,10/11/2018,11,23.6024774,23.41805189,23.24276159,22.53335714
15,"['2018', 'w46']",2018,201846,17/11/2018,11,70.62030201,74.50434339,68.93523105,22.49628571
41,"['2018', 'w47']",2018,201847,24/11/2018,11,64.63637426,62.42821305,65.70239136,23.13878571
28,"['2018', 'w48']",2018,201848,01/12/2018,12,8.916641805,8.656351289,9.114418938,21.43685714
12,"['2018', 'w49']",2018,201849,08/12/2018,12,17.00608605,16.07686932,17.33486989,22.15628571
27,"['2018', 'w50']",2018,201850,15/12/2018,12,5.673247752,5.388778189,5.794555093,17.271
17,"['2018', 'w51']",2018,201851,22/12/2018,12,2.785102896,2.708024038,2.810240946,19.07107143
17,"['2018', 'w52']",2018,201852,29/12/2018,12,0,0,0,23.72314286
